ASIN,Product_Name,Brand,Category,Est_Monthly_Revenue,Est_Monthly_Sales,Price,Fees,Net,Rank,Reviews,LQS,Sellers,Date_First_Available,Buy_Box_Owner,Rating,Dimensions,Product_Tier,Weight
"B01LDRFI9G" ,"VViViD XPO Black Carbon Fiber Car Wrap Vinyl Roll Featuring Air Release Technology (100ft x 5ft)" ,"VViViD" ,"Automotive" ,"$2,021,398.00" ,"4,502" ,"$344.50" ,"$77.91" ,"$266.59" ,"250" ,"7398" ,"6" ,"1" ,"08/31/2016" ,"VViViD Vinyl" ,"4.4" ,"61.50" x 8.11" x 6.18"" ,"Oversize (Medium)" ,"33.45 lbs"
"B00YD4IRRM" ,"ARB (CKMTP12) 12V Twin Motor High Performance Portable Air Compressor" ,"ARB" ,"Automotive" ,"$908,889.00" ,"1,011" ,"$559.00" ,"$129.22" ,"$429.78" ,"3,506" ,"1057" ,"3" ,"28" ,"08/31/2004" ,"SDHQ MOTORSPORTS" ,"4.7" ,"19.50" x 19.10" x 7.50"" ,"Oversize (Small)" ,"35.41 lbs"
"B08VG8RWR9" ,"Valvoline SynPower SAE 75W-140 Full Synthetic Gear Oil 5 GA Pail" ,"Valvoline" ,"Automotive" ,"$842,654.12" ,"3,014" ,"$154.49" ,"$56.34" ,"$98.15" ,"388" ,"2141.3333333333335" ,"3" ,"4" ,"11/05/2009" ,"Valvoline" ,"4.8" ,"14.90" x 11.20" x 10.50"" ,"Oversize (Small)" ,"39.25 lbs"
"B01LWLR5LR" ,"VViViD Black High Gloss Realistic Paint-Like Microfinish Vinyl Wrap Roll XPO Air Release Technology (50ft x 5ft w/Toolkit)" ,"VViViD" ,"Automotive" ,"$716,010.00" ,"2,469" ,"$290.00" ,"$48.00" ,"$242.00" ,"709" ,"2660" ,"4" ,"1" ,"09/19/2016" ,"VViViD Vinyl" ,"4.2" ,"60.00" x 3.50" x 3.50"" ,"Oversize (Small)" ,"14 lbs"
"B08M1LD7YK" ,"Valvoline General Purpose Amber Grease 35 LB Pail" ,"Valvoline" ,"Automotive" ,"$620,226.09" ,"4,191" ,"$147.99" ,"$39.51" ,"$108.48" ,"241" ,"8030.666666666667" ,"3" ,"3" ,"10/05/2009" ,"Valvoline" ,"4.7" ,"15.00" x 12.25" x 12.25"" ,"Oversize (Small)" ,"36.5 lbs"
"B01IIVDH9S" ,"VViViD Black Matte 60 Inch x 50ft Car Wrap Vinyl Roll for Full Car Wraps" ,"VViViD" ,"Automotive" ,"$573,880.87" ,"1,913" ,"$299.99" ,"$52.52" ,"$247.47" ,"953" ,"2318" ,"4" ,"1" ,"06/23/2014" ,"VViViD Vinyl" ,"4.4" ,"60.50" x 3.75" x 3.75"" ,"Oversize (Medium)" ,"14.2 lbs"
"B08DY15F85" ,"SMETA Gas/Electric Chest Freezer Lockable Absorption Propane Deep Freezer  7.1 Cu.Ft  White" ,"SMETA" ,"Automotive" ,"$538,615.00" ,"385" ,"$1,399.00" ,"$374.36" ,"$1,024.64" ,"N.A." ,"9" ,"6" ,"1" ,"05/23/2017" ,"SMETA Electric Appliances Co.,Ltd" ,"4.8" ,"39.60" x 35.80" x 27.60"" ,"Special" ,"165 lbs"
"B07PMDVG9X" ,"Krieger 4000 Watts Power Inverter 12V to 110V  Modified Sine Wave Car Inverter  Dual 110 Volt AC Outlets  Hardwire Kit  DC to AC Converter with Installation Kit - MET Approved to UL and CSA Standards" ,"K KRIËGER" ,"Automotive" ,"$507,485.50" ,"1,450" ,"$299.97" ,"$55.14" ,"$244.83" ,"1,240" ,"2810" ,"6" ,"2" ,"01/02/2019" ,"TECHBUY" ,"4.5" ,"7.50" x 11.50" x 17.75"" ,"Standard (Large)" ,"14.8503 lbs"
"B07C4BJ3W8" ,"FIXD OBD2 Professional Bluetooth Scan Tool & Code Reader for iPhone and Android (3)" ,"FIXD" ,"Automotive" ,"$419,550.03" ,"2,997" ,"$139.99" ,"$24.45" ,"$115.54" ,"574" ,"423" ,"4" ,"1" ,"04/10/2018" ,"FIXD" ,"4.1" ,"2.56" x 2.56" x 2.76"" ,"Standard (Large)" ,"0.39 lbs"
"B0829H2LKF" ,"OASIS AUTO Leather Car Seat Covers  Faux Leatherette Automotive Vehicle Cushion Cover for Cars SUV Pick-up Truck Universal Fit Set for Auto Interior Accessories (Blue  OS-009 Full Set)" ,"OASIS AUTO" ,"Automotive" ,"$405,426.15" ,"2,385" ,"$169.99" ,"$33.60" ,"$136.39" ,"863" ,"1149" ,"7" ,"1" ,"12/02/2019" ,"Oasis Auto Group" ,"4.3" ,"7.50" x 21.20" x 25.20"" ,"Oversize (Small)" ,"13.9994 lbs"
"B01LR0VHC6" ,"VViViD High Gloss Black Carbon Fiber Tech Art 3-Layer 3D Realistic True Carbon Fiber Look Cast Vinyl Wrap (100ft x 5ft)" ,"VViViD" ,"Automotive" ,"$398,695.57" ,"443" ,"$899.99" ,"$140.04" ,"$759.95" ,"14,860" ,"801" ,"4" ,"1" ,"09/06/2016" ,"VViViD Vinyl" ,"4" ,"7.00" x 7.00" x 65.00"" ,"Oversize (Medium)" ,"54 lbs"
"B088NDQJFX" ,"RVMasking Heavy Duty 300D Top Windproof Travel Trailer Cover for RV Camper Motorhome with 4 Tire Covers  Tongue Jack Cover  28.7-31.6 ft" ,"RVMasking" ,"Automotive" ,"$388,490.75" ,"925" ,"$419.99" ,"$73.10" ,"$346.89" ,"2,425" ,"48" ,"8" ,"2" ,"06/07/2020" ,"RVMasking" ,"4.3" ,"9.10" x 19.00" x 21.50"" ,"Oversize (Small)" ,"38.9998 lbs"
"B07VMC44KF" ,"Weldpro Digital TIG 200GD ACDC 200 Amp Tig/Stick Welder with Pulse CK 17 Worldwide Superflex Torch 3 Year Warranty Dual Voltage 220V/110V welding machine" ,"W Weldpro" ,"Automotive" ,"$387,109.80" ,"462" ,"$837.90" ,"$128.72" ,"$709.18" ,"6,623" ,"324" ,"7" ,"1" ,"07/22/2019" ,"W Weldpro" ,"4.8" ,"12.80" x 20.30" x 33.10"" ,"Oversize (Small)" ,"53.4004 lbs"
"B07FHPCC19" ,"Battery Tender Ring Terminal Accessory Cable- Jar of 25" ,"Battery Tender" ,"Automotive" ,"$364,729.05" ,"2,919" ,"$124.95" ,"$23.88" ,"$101.07" ,"527" ,"7538" ,"3" ,"3" ,"11/08/2009" ,"Deltran USA" ,"4.8" ,"11.50" x 6.00" x 5.40"" ,"Standard (Large)" ,"3.65 lbs"
"B01M8QT477" ,"2/0 Gauge 2/0 AWG 20 Feet Red + 20 Feet Black Welding Battery Pure Copper Flexible Cable + 10pcs of 3/8" Tinned Copper Cable Lug Terminal Connectors + 3 Feet Black Heat Shrink Tubing" ,"WindyNation" ,"Automotive" ,"$353,675.94" ,"2,253" ,"$146.47" ,"$33.82" ,"$112.65" ,"733" ,"29.5" ,"6" ,"2" ,"11/01/2016" ,"WindyNation" ,"4.65" ,"8.19" x 5.98" x 5.12"" ,"Standard (Large)" ,"19.7 lbs"
"B07124B7TX" ,"VViViD Gloss Black Vinyl Wrap Adhesive Film Air Release Decal Sheet (100ft x 5ft)" ,"VViViD" ,"Automotive" ,"$351,567.00" ,"783" ,"$449.00" ,"$79.56" ,"$369.44" ,"4,020" ,"1136" ,"6" ,"1" ,"07/25/2016" ,"VViViD Vinyl" ,"4.2" ,"6.40" x 6.45" x 61.50"" ,"Oversize (Medium)" ,"37.699 lbs"
"B08QMBM2VT" ,"GOOLOO 4000A Peak SuperSafe Car Jump Starter (All Gas  up to 10.0L Diesel Engine) 12V Auto Battery Jumper Booster with USB Quick Charge and Type C Port  Portable Power Pack for Trucks  SUVs" ,"GOOLOO" ,"Automotive" ,"$313,801.54" ,"1,846" ,"$169.99" ,"$29.29" ,"$140.70" ,"570" ,"323" ,"7" ,"1" ,"09/22/2019" ,"GOOLOO" ,"4.6" ,"4.10" x 5.00" x 10.00"" ,"Standard (Large)" ,"3.6509 lbs"
"B07RFTK5PK" ,"TopCoat F11 Polish & Sealer - Gallon Kit Special" ,"TopCoat" ,"Automotive" ,"$307,737.69" ,"1,231" ,"$216.17" ,"$41.62" ,"$174.55" ,"1,958" ,"1709.6666666666667" ,"6" ,"2" ,"02/13/2019" ,"TopCoat®" ,"4.3999999999999995" ,"6.70" x 12.50" x 12.80"" ,"Standard (Large)" ,"10.8489 lbs"
"B08JHX3MN6" ,"OASIS AUTO Leather&Fabric Car Seat Covers  Faux Leatherette Automotive Vehicle Cushion Cover for Cars SUV Pick-up Truck Universal Fit Set Auto Interior Accessories (OS-005 Full Set  Burgundy)" ,"OASIS AUTO" ,"Automotive" ,"$307,180.80" ,"1,920" ,"$159.99" ,"$29.74" ,"$130.25" ,"1,058" ,"980.6" ,"6" ,"1" ,"09/19/2020" ,"Oasis Auto Group" ,"4.4" ,"25.00" x 21.00" x 4.00"" ,"Oversize (Small)" ,"7 lbs"
"B07D934XNC" ,"Energizer 4000 Watts Power Inverter  12V to 110 Volts Modified Sine Wave Car Inverter  Dual AC Outlets  2 USB Ports 2.4A ea and Hardwire Kit  Battery Cables Included - METLab Approved Under UL STD 458" ,"Energizer" ,"Automotive" ,"$303,303.48" ,"852" ,"$299.99" ,"$54.59" ,"$245.40" ,"2,135" ,"1572.6666666666667" ,"6" ,"2" ,"09/30/2018" ,"TECHBUY" ,"4.4" ,"17.00" x 7.00" x 11.50"" ,"Standard (Large)" ,"11.5 lbs"
"B08KTN6P96" ,"Armor All AAGFMC22 Charcoal 22' x 8'10" Garage Floor Mat  X Large" ,"Armor All" ,"Automotive" ,"$766,551.12" ,"4,888" ,"$149.99" ,"$37.42" ,"$112.57" ,"N.A." ,"1907" ,"5" ,"6" ,"05/28/2018" ,"Drymate" ,"4.4" ,"10.50" x 10.90" x 41.40"" ,"Oversize (Small)" ,"20.8998 lbs"
"B08PSCQJFT" ,"OASIS AUTO Leather Car Seat Covers  Faux Leatherette Automotive Vehicle Cushion Cover for Cars SUV Pick-up Truck Universal Fit Set for Auto Interior Accessories (OS-001 Full Set  TAN)" ,"OASIS AUTO" ,"Automotive" ,"$240,784.95" ,"1,505" ,"$159.99" ,"$32.04" ,"$127.95" ,"3,104" ,"1186" ,"6" ,"1" ,"08/29/2019" ,"Oasis Auto Group" ,"4.3" ,"8.00" x 23.00" x 26.00"" ,"Oversize (Small)" ,"13.0492 lbs"
"B07GVQH6RN" ,"EezTire-TPMS12B Real Time/24x7 Tire Pressure Monitoring System - 12 Anti-Theft Sensors + Booster  incl. 3-Year Warranty" ,"EEZTire by EEZ RV PRODUCTS" ,"Automotive" ,"$224,073.00" ,"387" ,"$444.00" ,"$77.72" ,"$366.28" ,"6,323" ,"1261" ,"5" ,"2" ,"04/15/2013" ,"EEZ RV PRODUCTS" ,"4.4" ,"11.00" x 7.90" x 3.20"" ,"Standard (Large)" ,"1.95 lbs"
"B07J29CF1L" ,"LUCKYMAN CLUB Gray Car Seat Covers Fit Most Sedan SUV Truck Fit for Outback Crosstrek Forester Legacy Impreza WRX Optima Sportage Rondo Rio Cadenza Fusion Escape (Gray)" ,"LUCKYMAN CLUB" ,"Automotive" ,"$219,189.04" ,"1,096" ,"$199.99" ,"$34.63" ,"$165.36" ,"2,982" ,"2166" ,"7" ,"1" ,"09/30/2018" ,"LUCKYMAN CLUB" ,"4.4" ,"4.50" x 21.80" x 26.25"" ,"Oversize (Small)" ,"7.251 lbs"
"B08924FGNS" ,"Leader Accessories 150D 22'-24' L Travel Trailer RV Cover with Adhesive Repair Patch  Ripstop Diamond Camper Cover" ,"Leader Accessories" ,"Automotive" ,"$214,189.80" ,"1,020" ,"$217.99" ,"$42.22" ,"$175.77" ,"4,000" ,"20.5" ,"7" ,"1" ,"05/21/2020" ,"Leader Accessories" ,"4" ,"12.50" x 14.50" x 16.50"" ,"Oversize (Small)" ,"24.0502 lbs"
"B08T3S3B31" ,"ARES 18007-12-Piece Master Cylinder Adapter Set - Included Adapters Work on Most Current Master Cylinder Reservoirs - for Brake Fluid Bleeding" ,"ARES" ,"Automotive" ,"$212,714.88" ,"1,064" ,"$199.92" ,"$34.52" ,"$165.40" ,"N.A." ,"1315" ,"7" ,"1" ,"12/10/2018" ,"ARES TOOL" ,"4.4" ,"3.98" x 12.13" x 19.09"" ,"Oversize (Small)" ,"6.9754 lbs"
"B08PDRM5P1" ,"Tyger Auto Underseat Storage Box for 2019-2020 Chevy Silverado/GMC Sierra 1500; 2020 Silverado/Sierra 2500 3500 HD | Double Cab & Crew Cab New Body Style | Not for 2019 LD or Limited | TG-CB5C2278" ,"Tyger Auto" ,"Automotive" ,"$211,947.00" ,"1,333" ,"$149.00" ,"$33.65" ,"$115.35" ,"2,318" ,"1247" ,"6" ,"6" ,"04/22/2020" ,"MaxMate Depot" ,"4.6" ,"54.40" x 18.20" x 8.90"" ,"Oversize (Small)" ,"17.6 lbs"
"B01LTHEMZQ" ,"VViViD Black True R Carbon Fiber Vinyl Wrap Roll with Air Release Technology (100ft x 5ft (Bulk Wrap Kit))" ,"VViViD" ,"Automotive" ,"$211,194.72" ,"528" ,"$349.99" ,"$71.87" ,"$278.12" ,"5,681" ,"1099" ,"4" ,"2" ,"09/07/2016" ,"VViViD Vinyl" ,"4.4" ,"61.50" x 6.26" x 6.26"" ,"Oversize (Medium)" ,"33.05 lbs"
"B079NX8BQV" ,"GIANDEL 4000W Heavy Duty Pure Sine Wave Power Inverter DC12V to AC120V with 4 AC Outlets with Remote Control 2.4A USB and LED Display" ,"Giandel" ,"Automotive" ,"$211,105.44" ,"364" ,"$389.99" ,"$87.11" ,"$302.88" ,"7,447" ,"481" ,"6" ,"1" ,"02/06/2018" ,"Giandel" ,"4.5" ,"8.85" x 10.00" x 23.20"" ,"Oversize (Small)" ,"25.351 lbs"
"B07CSKF3X3" ,"Battery Tender 4-Bank: 12V  1.25 Amp Battery Charger - 12V Battery Charging Bank with 4 Ports - Simultaneously Charges and Maintains Up to Four Batteries - 022-0148-DL-WH" ,"Battery Tender" ,"Automotive" ,"$195,122.25" ,"1,055" ,"$184.95" ,"$31.58" ,"$153.37" ,"2,402" ,"3168" ,"7" ,"3" ,"10/01/2003" ,"Deltran USA" ,"4.8" ,"13.31" x 10.12" x 6.61"" ,"Standard (Large)" ,"4.95 lbs"
"B08P1QJDLL" ,"autowit SuperCap 2 12-Volt Battery-Less Portable Jump Starter (Up to 7.0L Gas  4.0L Diesel Engine) Built-in SuperCap  No Need of Regular Charge  10 Years Lifespan  Extremely Weather Operating" ,"autowit" ,"Automotive" ,"$193,637.09" ,"1,291" ,"$149.99" ,"$27.00" ,"$122.99" ,"N.A." ,"319" ,"6" ,"1" ,"03/29/2020" ,"rocky-genhigh" ,"4.6" ,"3.89" x 6.45" x 12.51"" ,"Standard (Large)" ,"3.9595 lbs"
"B07XHKFJ5M" ,"DEKOPRO 110/220V MMA Welder 160A ARC Welder Machine IGBT Digital Display LCD Hot Start Welder with Electrode Holder Work Clamp  Input Power Adapter Cable and Brush" ,"DEKOPRO" ,"Automotive" ,"$191,605.26" ,"1,474" ,"$129.99" ,"$28.23" ,"$101.76" ,"N.A." ,"1913" ,"6" ,"8" ,"02/18/2019" ,"Minthemin" ,"4.6" ,"6.60" x 11.30" x 15.70"" ,"Standard (Large)" ,"13.4989 lbs"
"B075FWLTPK" ,"VViViD+ Premium Vinyl Wrap Film (25ft x 5ft  Matte Rosso Corsa (Ferrari) Red)" ,"VViViD" ,"Automotive" ,"$189,709.80" ,"1,020" ,"$167.99" ,"$32.71" ,"$135.28" ,"2,775" ,"304" ,"4" ,"1" ,"09/06/2017" ,"VViViD Vinyl" ,"3.9" ,"2.20" x 3.80" x 60.00"" ,"Oversize (Small)" ,"7.9499 lbs"
"B01FWZGXPS" ,"509 Tactical Helmet (Teal Black - 2X-Large)" ,"509" ,"Automotive" ,"$183,546.00" ,"1,080" ,"$169.95" ,"$29.79" ,"$140.16" ,"3,220" ,"268.4" ,"3" ,"8" ,"06/28/2020" ,"SnowBigDeal" ,"4.866666666666666" ,"15.00" x 11.00" x 11.00"" ,"Oversize (Small)" ,"4 lbs"
"B07VGM831F" ,"HP Tuners MPVI2 VCM Suite Standard (6 Universal Credits)" ,"HP Tuners" ,"Automotive" ,"$174,600.00" ,"300" ,"$582.00" ,"$77.61" ,"$504.39" ,"11,588" ,"95" ,"5" ,"4" ,"07/16/2019" ,"Prime_Warehouse" ,"4.9" ,"1.70" x 5.40" x 8.70"" ,"Standard (Large)" ,"0.7011 lbs"
"B083PS7V6S" ,"OASIS AUTO Wrangler JL 2018 2019 2020 2021 2022 Unlimited  Sahara  Sport  X  Custom Exact Fit PU Leather Seat Covers Accessories Full Set (18-22 4DR  Orange)" ,"OASIS AUTO" ,"Automotive" ,"$173,991.30" ,"870" ,"$199.99" ,"$36.19" ,"$163.80" ,"11,670" ,"506.2857142857143" ,"6" ,"1" ,"01/11/2020" ,"Oasis Auto Group" ,"4.4" ,"6.60" x 23.00" x 27.50"" ,"Oversize (Small)" ,"11.3494 lbs"
"B07QGTV9ZZ" ,"Ampeak 2000W Power Inverter 3 AC Outlets DC 12V to 110V AC Car Converter 2.1A USB Inverter" ,"Ampeak" ,"Automotive" ,"$172,788.48" ,"1,152" ,"$154.99" ,"$28.84" ,"$126.15" ,"1,995" ,"1385" ,"6" ,"8" ,"05/14/2017" ,"Autoer-US" ,"4.4" ,"14.84" x 11.69" x 5.98"" ,"Standard (Large)" ,"8.79 lbs"
"B07N6NDL6M" ,"EZAUTOWRAP Free Tool Kit 3M 1080 2080 Matte Black Vinyl Wrap Kit for Black Out Chrome Delete Window Trim Door Trim 4" x75Ft" ,"EzAuto Wrap" ,"Automotive" ,"$173,057.18" ,"1,282" ,"$134.99" ,"$24.39" ,"$110.60" ,"2,807" ,"900" ,"7" ,"2" ,"07/15/2019" ,"TMH TRADING GROUP" ,"4.5" ,"4.68" x 5.16" x 6.57"" ,"Standard (Large)" ,"1.8298 lbs"
"B01LTA5X1K" ,"VViViD Satin Flat Matte Stealth Jet Black Vinyl Wrap Roll with Air Release Technology (100ft x 5ft)" ,"VViViD" ,"Automotive" ,"$170,706.03" ,"397" ,"$364.99" ,"$75.57" ,"$289.42" ,"6,745" ,"348.5" ,"4" ,"1" ,"09/07/2016" ,"VViViD Vinyl" ,"4.4" ,"6.20" x 7.80" x 62.00"" ,"Oversize (Medium)" ,"33.3008 lbs"
"B08GHTCP8G" ,"Coleman Powersports CT100U-B Gas Powered Trail Mini-Bike | 98cc/3.0HP | Black" ,"Coleman Powersports" ,"Automotive" ,"$166,046.31" ,"369" ,"$449.99" ,"$104.37" ,"$345.62" ,"13,133" ,"1080" ,"4" ,"1" ,"09/01/2016" ,"Yerf-Dog" ,"4.3" ,"39.00" x 25.00" x 16.00"" ,"Oversize (Medium)" ,"101 lbs"
"B08L38JMGY" ,"FieryRed Electric Winch - 13000 lb. Load Capacity Synthetic Rope winchesFit for Jeep  Truck  SUV  Trailer with Wirless Remote & Corded Control" ,"FieryRed" ,"Automotive" ,"$163,995.90" ,"410" ,"$179.99" ,"$80.96" ,"$99.03" ,"5,797" ,"286.3333333333333" ,"6" ,"1" ,"10/26/2020" ,"Offroad 4×4" ,"4.4" ,"14.00" x 14.00" x 23.00"" ,"Oversize (Small)" ,"65.9998 lbs"
"B0744B55QV" ,"Autel Scanner MaxiCOM MK808  2021 Newest OBD2 Car Diagnostic Scanner  Equipped with 25+ Maintenance Functions  All System Diagnosis  IMMO/EPB/BMS/SAS/TPMS/AutoVIN/ABS Bleeding (Original)" ,"Autel" ,"Automotive" ,"$162,381.00" ,"339" ,"$479.00" ,"$67.13" ,"$411.87" ,"10,884" ,"739" ,"8" ,"2" ,"07/21/2012" ,"Motorzone" ,"4.6" ,"14.88" x 11.69" x 4.69"" ,"Standard (Large)" ,"5.65 lbs"
"B08KG7D13D" ,"Seat Covers for Cars Full Set Pickup 2007-2021 Sierra Silverado 1500 2500HD 3500HD Crew Double Extended Cab  Waterproof Leather Truck Seat Protectors Compatible with Split Bench(Full Set  Black-Blue)" ,"Aierxuan" ,"Automotive" ,"$161,991.90" ,"810" ,"$199.99" ,"$37.37" ,"$162.62" ,"7,106" ,"90" ,"7" ,"1" ,"09/29/2020" ,"YI Tai" ,"4.566666666666666" ,"6.00" x 22.25" x 25.50"" ,"Oversize (Small)" ,"14.4491 lbs"
"B07VKF2Y4Q" ,"LUCKYMAN CLUB Car Seat Covers fit Sedan SUV fit for Sportage Soul Optima Forte Sorento Accord Civic CRV Cr-v Ridgeline (Full Set  Beige)" ,"LUCKYMAN CLUB" ,"Automotive" ,"$153,992.30" ,"770" ,"$199.99" ,"$36.82" ,"$163.17" ,"4,302" ,"1406" ,"4" ,"1" ,"07/21/2019" ,"LUCKYMAN CLUB" ,"4.4" ,"6.25" x 21.50" x 26.00"" ,"Oversize (Small)" ,"13.0007 lbs"
"B01MCRTPKC" ,"Milton 690BK 1/4" FNPT Dual Head Air Chuck - Box of 50" ,"Milton" ,"Automotive" ,"$153,900.00" ,"855" ,"$180.00" ,"$29.46" ,"$150.54" ,"N.A." ,"1366" ,"3" ,"5" ,"12/17/2008" ,"EK Direct" ,"4.7" ,"6.76" x 3.30" x 1.57"" ,"Standard (Large)" ,"0.95 lbs"
"B08C9GRMLV" ,"LUCKYMAN CLUB 56-SLD Seat Covers Fit for 2007-2020 Chevy Silverado Sierra 1500/2500 HD / 3500 HD Crew Double Extended Cab with Water Proof Faux Leather (Black & Blue Full Set)" ,"LUCKYMAN CLUB" ,"Automotive" ,"$153,827.00" ,"773" ,"$199.00" ,"$36.91" ,"$162.09" ,"3,585" ,"49.333333333333336" ,"7" ,"1" ,"07/02/2020" ,"LUCKYMAN CLUB" ,"4.3999999999999995" ,"6.00" x 22.00" x 26.00"" ,"Oversize (Small)" ,"13.5496 lbs"
"B08S3KL95V" ,"RVMasking Heavy Duty 300D Top Windproof Travel Trailer Cover for RV Camper Motorhome with 4 Tire Covers  Tongue Jack Cover  24.1-26 ft" ,"RVMasking" ,"Automotive" ,"$153,175.86" ,"414" ,"$324.99" ,"$57.98" ,"$267.01" ,"11,358" ,"119" ,"8" ,"1" ,"11/15/2020" ,"RVMasking" ,"4.4" ,"10.00" x 18.00" x 22.00"" ,"Oversize (Small)" ,"15.0003 lbs"
"B08929N5GZ" ,"XCAR Roof Rack Carrier Basket Rooftop Cargo Carrier with Extension Black Car Top Luggage Holder 64"x 39"x 6" Universal for SUV Cars" ,"XCAR" ,"Automotive" ,"$151,990.50" ,"950" ,"$159.99" ,"$43.67" ,"$116.32" ,"3,159" ,"156" ,"6" ,"2" ,"07/17/2019" ,"X'Car" ,"4.3" ,"40.95" x 20.90" x 10.70"" ,"Oversize (Small)" ,"45 lbs"
"B01J4KB1P4" ,"VViViD XPO Red Carbon Fiber Car Wrap Vinyl Roll with Air Release Technology (100FT X 5FT)" ,"VViViD" ,"Automotive" ,"$147,596.31" ,"369" ,"$350.49" ,"$74.03" ,"$276.46" ,"10,495" ,"922" ,"5" ,"1" ,"09/21/2016" ,"VViViD Vinyl" ,"4.2" ,"62.01" x 6.50" x 6.50"" ,"Oversize (Medium)" ,"38.6 lbs"
"B00TZ8E5YU" ,"Fluke 116/323 HVAC Multimeter and Clamp Meter Combo Kit" ,"Fluke" ,"Automotive" ,"$145,992.50" ,"575" ,"$253.90" ,"$39.17" ,"$214.73" ,"4,133" ,"874" ,"5" ,"19" ,"06/12/2013" ,"SmartDeal Store" ,"4.8" ,"12.09" x 10.71" x 3.74"" ,"Standard (Large)" ,"3.17 lbs"
"B08S79ML5T" ,"Live & Sleep Mattress Classic King Mattress - Memory Foam Mattress - 10 Inch - Cool Bed in a Box - Medium Firm - Advanced Support - Luxury Form Pillow - CertiPUR Certified - King Size" ,"Live and Sleep" ,"Automotive" ,"$141,454.95" ,"301" ,"$294.95" ,"$98.26" ,"$196.69" ,"10,880" ,"3889.75" ,"7" ,"2" ,"11/02/2014" ,"Live and Sleep" ,"4.5" ,"17.00" x 17.00" x 41.60"" ,"Oversize (Medium)" ,"79.2 lbs"
"B08BCN5LMW" ,"Portable Jump Starter with Air Compressor  UTRAI Jstar 5 150 PSI 2000A 24000mAh(8L Gas 7.5L Diesel Engine) 12V Battery Jump Pack with Emergency Light LCD Screen USB QC3.0 for Cars  Trucks  SUV" ,"UTRAI" ,"Automotive" ,"$141,104.12" ,"1,094" ,"$128.98" ,"$24.51" ,"$104.47" ,"2,248" ,"453" ,"7" ,"1" ,"07/19/2020" ,"UTRAI-US" ,"4.6" ,"5.55" x 8.86" x 11.26"" ,"Standard (Large)" ,"4.0345 lbs"
"B08HMP2FN6" ,"OASIS AUTO Leather Car Seat Covers  Faux Leatherette Automotive Vehicle Cushion Cover for Cars SUV Pick-up Truck Universal Fit Set for Auto Interior Accessories (OS-012 Full Set  Grey)" ,"OASIS AUTO" ,"Automotive" ,"$139,191.30" ,"870" ,"$159.99" ,"$32.17" ,"$127.82" ,"2,926" ,"260.85714285714283" ,"7" ,"1" ,"09/08/2020" ,"Oasis Auto Group" ,"4.371428571428572" ,"25.00" x 21.00" x 4.00"" ,"Oversize (Small)" ,"13.3997 lbs"
"B07W8TLZ5H" ,"509 Delta R4 Ignite Helmet (Galaxy Teal Purple - X-Small)" ,"509" ,"Automotive" ,"$136,480.50" ,"390" ,"$349.95" ,"$52.91" ,"$297.04" ,"8,962" ,"52.25" ,"3" ,"4" ,"08/02/2020" ,"MxGear" ,"4.449999999999999" ,"18.00" x 16.00" x 12.00"" ,"Oversize (Small)" ,"8 lbs"
"B088HTK1ZM" ,"Andersen Hitches Trailer Jack Block 6-Pack with Free Clean Step (3608-6-CS)" ,"Andersen Manufacturing" ,"Automotive" ,"$134,455.02" ,"498" ,"$269.99" ,"$54.70" ,"$215.29" ,"5,930" ,"768" ,"6" ,"1" ,"02/06/2018" ,"Andersen Hitches" ,"4.8" ,"24.50" x 23.00" x 13.00"" ,"Oversize (Small)" ,"37.95 lbs"
"B08LW2429T" ,"Mockins Steel Cargo Basket | 60" L X 20" W X 6" H Hitch Mount Cargo Carrier with Cargo Bag and Net | with a Hauling Weight of 500 lbs & a Folding Shank to Preserve Space When Not in Use" ,"Mockins" ,"Automotive" ,"$133,272.16" ,"784" ,"$169.99" ,"$52.22" ,"$117.77" ,"4,670" ,"1154" ,"7" ,"4" ,"03/19/2018" ,"mockins" ,"4.5" ,"9.50" x 23.00" x 30.50"" ,"Oversize (Small)" ,"63 lbs"
"B08GK3ZVZD" ,"Aierxuan 5pcs Car Seat Covers Full Set with Waterproof Leather Airbag Compatible Automotive Vehicle Cushion Cover Universal fit for Most Cars (Black and White) …" ,"Aierxuan" ,"Automotive" ,"$132,993.35" ,"665" ,"$199.99" ,"$36.25" ,"$163.74" ,"3,961" ,"585" ,"6" ,"1" ,"09/26/2019" ,"tiantai-LX" ,"4.4" ,"5.70" x 25.50" x 25.70"" ,"Oversize (Small)" ,"11.4993 lbs"
"B01BYHMBU4" ,"B&W Tow & Stow - Fits 2.5" Receiver  Dual Ball (2" x 2-5/16")  5" Drop  14 500 GTW" ,"B&W Trailer Hitches" ,"Automotive" ,"$132,966.00" ,"498" ,"$267.00" ,"$51.66" ,"$215.34" ,"6,856" ,"277" ,"6" ,"39" ,"02/18/2016" ,"Silk Road Performance" ,"4.9" ,"12.52" x 10.98" x 8.50"" ,"Oversize (Small)" ,"30.9 lbs"
"B07S43HMYG" ,"MotoShield Pro Premium Professional 2mil Ceramic Window Tint Film for Auto | Reduce Infrared Heat & Block UV by 99% - 75% VLT (20” in x 100’ ft Roll)" ,"MotoShield Pro" ,"Automotive" ,"$132,803.01" ,"699" ,"$189.99" ,"$32.96" ,"$157.03" ,"4,328" ,"546" ,"4" ,"1" ,"03/12/2020" ,"Naneon" ,"4.1" ,"6.00" x 6.00" x 26.00"" ,"Oversize (Small)" ,"6 lbs"
"B07XH1QCTB" ,"DIY Paintless Dent Repair Kit - Gliston 89pcs Dent Puller Tools Slide Hammer for Car Hail Damage Dent & Ding Remover" ,"GLISTON" ,"Automotive" ,"$128,744.67" ,"933" ,"$137.99" ,"$28.31" ,"$109.68" ,"2,922" ,"2098" ,"7" ,"6" ,"08/23/2016" ,"Carshome" ,"4.3" ,"17.52" x 11.89" x 6.10"" ,"Standard (Large)" ,"11.2 lbs"
"B088G14Y4G" ,"Range Technology Plug & Play AFM/DFM Active Fuel Management Disabler for GM Vehicles RA003G (Green)" ,"Range Technology" ,"Automotive" ,"$128,667.00" ,"660" ,"$194.95" ,"$30.95" ,"$164.00" ,"4,375" ,"130" ,"4" ,"11" ,"04/28/2020" ,"HINSON Motorsports" ,"4.5" ,"4.00" x 4.00" x 1.00"" ,"Standard (Large)" ,"0.15 lbs"
"B08LSRC8V7" ,"Rv Keyless Entry Door Lock | Rv Lock Keyless Entry | 100% Metal Rv Door Lock w/ 2 Key-fobs and Backlit Keypad | Includes Protective Gasket  Screwdriver & 2 Keys | Will Only Fit 2.75" x 3.75" Lock Hole" ,"LATCH.IT" ,"Automotive" ,"$125,193.74" ,"626" ,"$199.99" ,"$33.24" ,"$166.75" ,"N.A." ,"405" ,"7" ,"1" ,"06/16/2020" ,"Marcala LLC" ,"4.6" ,"4.25" x 6.10" x 8.78"" ,"Standard (Large)" ,"4.5702 lbs"
"B08PDX574B" ,"Car Seat Covers Full Set Ram Custom Fit 2009-2021 1500 2010-2021 2500 3500 Pickup Truck Crew and Double Cab Waterproof Leather Seat Cushions Compatible with Split Bench 40/60(Full Set  Black-Blue)" ,"YIERTAI" ,"Automotive" ,"$220,988.95" ,"1,105" ,"$199.99" ,"$37.67" ,"$162.32" ,"N.A." ,"13" ,"6" ,"1" ,"11/29/2020" ,"haomeicp" ,"3.85" ,"6.00" x 22.60" x 26.50"" ,"Oversize (Small)" ,"15.2494 lbs"
"B08CXRNL91" ,"INCH EMPIRE Car Seat Cover-Water Proof Synthetic Leather Cushion Front and Back Universal Fit for Most of Sedan SUV Truck Hatchback Durable Use for All Season(Grey Grid Full Set)" ,"INCH EMPIRE" ,"Automotive" ,"$124,325.36" ,"622" ,"$199.93" ,"$37.00" ,"$162.93" ,"4,985" ,"952" ,"7" ,"2" ,"06/12/2019" ,"INCH EMPIRE" ,"4.4" ,"6.90" x 20.60" x 25.10"" ,"Oversize (Small)" ,"13.4989 lbs"
"B07TVCWDGW" ,"YESWELDER Digital MIG-205DS MIG Welder 200Amp 110/220V Dual Voltage  Gas Gasless MIG Welding Machine MIG/Lift TIG/ARC 3 in 1 Welder" ,"YESWELDER" ,"Automotive" ,"$123,946.65" ,"335" ,"$369.99" ,"$65.56" ,"$304.43" ,"5,113" ,"202" ,"6" ,"1" ,"07/01/2019" ,"YESWELDER" ,"4.5" ,"11.40" x 14.80" x 20.10"" ,"Oversize (Small)" ,"34.9499 lbs"
"B08GFBKVFL" ,"RVMasking Waterproof Travel Trailer RV Cover  Ripstop Camper Cover with 4 Tire Covers & Tongue Jack Cover  28'7" - 31'6"" ,"RVMasking" ,"Automotive" ,"$123,086.27" ,"373" ,"$329.99" ,"$58.73" ,"$271.26" ,"25,091" ,"11" ,"7" ,"1" ,"08/20/2020" ,"RVMasking" ,"4.2" ,"10.60" x 15.80" x 19.80"" ,"Oversize (Small)" ,"29.5993 lbs"
"B08DG8CBQC" ,"RUGGED GEEK RG1200 Safety Plus 1200A Portable Car Jump Starter with Wireless Charging  Type-C Ports and 12V Air Compressor/Pump. LED Display  INTELLIBOOST 2.0 Safety Cables  LED Flashlight  USB Ports." ,"RUGGED GEEK" ,"Automotive" ,"$121,091.35" ,"865" ,"$139.99" ,"$25.90" ,"$114.09" ,"5,535" ,"109" ,"7" ,"2" ,"07/21/2020" ,"RUGGED GEEK" ,"4.6" ,"12.60" x 2.80" x 9.10"" ,"Standard (Large)" ,"4.202 lbs"
"B08D6C3ZB1" ,"Alpicool CF55 Portable Refrigerator 12 Volt Car Freezer 58 Quart(55 Liter) Vehicle  Car  Truck  RV  Boat  Mini fridge freezer for Driving  Travel  Fishing  Outdoor -4°F to 68°F" ,"Alpicool" ,"Automotive" ,"$119,944.00" ,"376" ,"$309.00" ,"$60.50" ,"$248.50" ,"8,754" ,"671" ,"6" ,"5" ,"12/02/2018" ,"Alpicool Portable Compressor Fridge Freezer" ,"4.5" ,"15.40" x 24.20" x 27.20"" ,"Oversize (Small)" ,"37.7498 lbs"
"B07HQTH42L" ,"HydroSilex Recharge Spray on Ceramic Coating for Cars | 6 Month Protection | Ultra Hydrophobic Coating | Mirror Shine | Ultimate Paint Protection | Replaces Wax & Sealants (128oz)" ,"HydroSilex" ,"Automotive" ,"$119,394.03" ,"597" ,"$199.99" ,"$34.96" ,"$165.03" ,"4,220" ,"1333" ,"7" ,"1" ,"09/26/2018" ,"Hydrosilex LLC" ,"4.5" ,"4.20" x 7.50" x 10.00"" ,"Standard (Large)" ,"9.1007 lbs"
"B019PU4T52" ,"ILM Bluetooth Integrated Modular Flip up Full Face Motorcycle Helmet Sun Shield 6 Riders Group Intercom Mp3 (L  White)" ,"ILM" ,"Automotive" ,"$118,794.60" ,"540" ,"$189.99" ,"$35.83" ,"$154.16" ,"11,161" ,"1292.1" ,"6" ,"1" ,"08/24/2020" ,"ILMotor" ,"4.3" ,"10.24" x 10.83" x 13.78"" ,"Oversize (Small)" ,"4.0697 lbs"
"B08P217916" ,"EGO Power+ BA1400 56-Volt 2.5Ah Lithium-Ion Battery" ,"EGO Power+" ,"Automotive" ,"$117,710.75" ,"785" ,"$149.95" ,"$26.69" ,"$123.26" ,"N.A." ,"1365" ,"5" ,"10" ,"09/07/2016" ,"Seal Supply" ,"4.6" ,"7.60" x 6.10" x 3.20"" ,"Standard (Large)" ,"3.15 lbs"
"B07VDRL686" ,"XGEAR Travel Trailer RV Cover 150D Water-Repellent Fabric Windproof Buckles (RV 14'-16')" ,"XGEAR" ,"Automotive" ,"$117,592.65" ,"735" ,"$159.99" ,"$33.90" ,"$126.09" ,"2,438" ,"100" ,"5" ,"1" ,"07/18/2019" ,"Suncoast US" ,"4.2" ,"12.50" x 12.70" x 15.90"" ,"Oversize (Small)" ,"17.95 lbs"
"B07H4SDF8D" ,"TRACGRABBER Trac-Grabber – Snow  Mud and Sand Tire Traction Device  Set of 2 – for Wide Track or Super Single Trucks  Easy to Install – A Snow Traction Mat Alternative – Get Unstuck" ,"TRACGRABBER" ,"Automotive" ,"$117,281.52" ,"648" ,"$165.49" ,"$35.47" ,"$130.02" ,"2,381" ,"621" ,"7" ,"1" ,"11/04/2018" ,"Firefly Buys" ,"4.2" ,"5.75" x 7.72" x 15.67"" ,"Standard (Large)" ,"16.4465 lbs"
"B087S7F7MF" ,"Yukon Gear & Axle (YK F9.75-B) Master Overhaul Kit for Ford 9.75 Differential" ,"Yukon Gear" ,"Automotive" ,"$116,454.06" ,"414" ,"$160.96" ,"$44.41" ,"$116.55" ,"9,160" ,"393.3333333333333" ,"3" ,"11" ,"02/12/2012" ,"Mixed Bag Media" ,"4.5" ,"12.90" x 12.20" x 3.10"" ,"Standard (Large)" ,"8.3 lbs"
"B08M68SD92" ,"Leather Car Seat Covers  Faux Leatherette Automotive Vehicle Cushion Cover for Cars SUV Pick-up Truck Universal Fit Set for Auto Interior Accessories (OS-004 Full Set  Black&Grey)" ,"OASIS AUTO" ,"Automotive" ,"$115,192.80" ,"720" ,"$159.99" ,"$32.11" ,"$127.88" ,"3,887" ,"221" ,"4" ,"1" ,"04/19/2020" ,"Oasis Auto Group" ,"4.6" ,"7.40" x 12.40" x 22.00"" ,"Oversize (Small)" ,"13.2498 lbs"
"B07WRJCQXQ" ,"Heavy Duty Truck Scan Tool NL102 Plus Auto Scanner with DPF/Sensor Calibration/Oil Reset + Check Engine for Cars; Truck & Car 2 in 1 Code Reader (Upgrade Version)" ,"NEXAS" ,"Automotive" ,"$113,668.40" ,"580" ,"$195.98" ,"$31.87" ,"$164.11" ,"4,112" ,"1082" ,"7" ,"1" ,"06/24/2017" ,"Maxcicoo" ,"3.7" ,"2.72" x 7.28" x 10.12"" ,"Standard (Large)" ,"2.2509 lbs"
"B08K8HWMJ4" ,"Aierxuan Silverado Sierra Car Seat Covers Full Set with Waterproof Leather  Fit for 2007-2021 1500/2500 HD / 3500 HD Crew Double Extended Cab or Pick-up Truck(Black and Blue)" ,"Aierxuan" ,"Automotive" ,"$112,594.37" ,"563" ,"$199.99" ,"$36.97" ,"$163.02" ,"7,055" ,"68.75" ,"6" ,"1" ,"09/27/2020" ,"tiantai-LX" ,"4.5" ,"6.77" x 21.97" x 25.51"" ,"Oversize (Small)" ,"13.4 lbs"
"B08FFQBPXY" ,"Aierxuan Car Seat Covers Full Set with Waterproof Leather  Automotive Vehicle Cushion Cover for Cars SUV Pick-up Truck Fit for 2009 to 2021 Ford F150 and 2017 to 2021 F250 F350 F450(Black and Blue)" ,"Aierxuan" ,"Automotive" ,"$112,594.37" ,"563" ,"$199.99" ,"$37.51" ,"$162.48" ,"4,914" ,"290.6666666666667" ,"6" ,"1" ,"06/29/2020" ,"tiantai-LX" ,"4.4" ,"6.40" x 17.70" x 22.80"" ,"Oversize (Small)" ,"14.8195 lbs"
"B01N63S5FP" ,"Bell MX-9 Adventure MIPS Dirt Helmet (Dash Gloss Black/Red - Large)" ,"BELL" ,"Automotive" ,"$111,065.85" ,"483" ,"$170.00" ,"$37.54" ,"$132.46" ,"7,337" ,"560.0645161290323" ,"3" ,"2" ,"07/01/2019" ,"Black Hills Moto" ,"4.774193548387097" ,"11.30" x 11.50" x 15.30"" ,"Oversize (Small)" ,"5.4498 lbs"
"B07ZCJBCQ7" ,"Pink Seat Covers Full Set Leather Auto Seat Covers 9PCS Front & Rear Seat Covers with Airbag Compatible Universal Fit Most Car Auto Suv (B-Pink)" ,"Red Rain" ,"Automotive" ,"$109,593.15" ,"685" ,"$159.99" ,"$30.16" ,"$129.83" ,"7,354" ,"787.25" ,"4" ,"1" ,"02/19/2019" ,"zhu haihong" ,"4.4" ,"5.20" x 21.30" x 24.80"" ,"Oversize (Small)" ,"8.0998 lbs"
"B08GJLZWSF" ,"INCH EMPIRE Car Seat Cover-Water Proof Synthetic Leather Cushion Front and Back Universal Fit for Most of Sedan SUV Truck Hatchback Durable Use for All Season(5 Seats Grey Line Full Set)" ,"INCH EMPIRE" ,"Automotive" ,"$109,389.06" ,"547" ,"$199.98" ,"$36.76" ,"$163.22" ,"5,294" ,"632.3333333333334" ,"6" ,"2" ,"06/12/2019" ,"INCH EMPIRE" ,"4.4" ,"7.00" x 21.00" x 25.50"" ,"Oversize (Small)" ,"12.8507 lbs"
"B07SFDDZBL" ,"2pc 5ft Spiral LED Whip Lights for UTV ATV [21 Modes] [20 Colors] [RF Wireless Remote] [Weatherproof] [USA Flag] LED Lighted Whips Antenna for RZR Can-Am Polaris UTV ATV Accessories" ,"ONLINE LED STORE" ,"Automotive" ,"$109,100.10" ,"718" ,"$146.95" ,"$31.57" ,"$115.38" ,"4,760" ,"1217" ,"6" ,"1" ,"10/08/2018" ,"OnlineLEDStore" ,"4.4" ,"3.00" x 4.10" x 62.00"" ,"Oversize (Medium)" ,"6.0495 lbs"
"B07MCMD4QW" ,"Eight 5-ft E-Track Tie-Down Rail  Hot-Dipped Galvanized Steel E-Track Tie-Downs | 5' Horizontal E-Tracks  Pack of 8 Bolt-On Tie-Down Rails for Cargo on Pickups  Trucks  Trailers  Vans" ,"DC Cargo Mall" ,"Automotive" ,"$108,371.31" ,"669" ,"$161.99" ,"$53.29" ,"$108.70" ,"4,362" ,"825" ,"7" ,"1" ,"01/10/2019" ,"DC Cargo Mall" ,"4.8" ,"2.25" x 6.80" x 61.50"" ,"Oversize (Medium)" ,"58.6496 lbs"
"B07VV3ZL56" ,"KING BIRD Upgraded Class A RV Cover  Extra-Thick 5 Layers Anti-UV Top Panel  Durable Camper Cover  Fits 36.5- 39.5' Motorhome -Breathable  Water-Proof  Rip-Stop with 2Pcs Extra Straps & 4 Tire Covers" ,"KING BIRD" ,"Automotive" ,"$105,396.90" ,"310" ,"$339.99" ,"$66.54" ,"$273.45" ,"13,911" ,"116" ,"6" ,"1" ,"08/12/2020" ,"Overwhelming" ,"4.4" ,"27.56" x 21.26" x 21.26"" ,"Oversize (Medium)" ,"37.84 lbs"
"B083ZKV92W" ,"LogicBlue Technology LevelMatePRO+ Wireless Vehicle Leveling System" ,"LogicBlue Technology" ,"Automotive" ,"$105,294.15" ,"585" ,"$179.99" ,"$29.31" ,"$150.68" ,"N.A." ,"2618" ,"6" ,"1" ,"01/16/2020" ,"LogicBlue Technology" ,"4.6" ,"6.00" x 6.00" x 2.00"" ,"Standard (Large)" ,"0.549 lbs"
"B08BZFYNFH" ,"Aierxuan 5 Car Seat Covers Full Set Waterproof Leather Seat Protectors Universal Fit Acura Civic Honda Accord Jeep Prius Rav4 Altima Optima Ford Forte Mazda Mitsubishi Highlander(Full Set/Black-Red)" ,"Aierxuan" ,"Automotive" ,"$104,194.79" ,"521" ,"$194.99" ,"$36.88" ,"$158.11" ,"5,950" ,"280" ,"6" ,"1" ,"07/03/2020" ,"YI Tai" ,"4.55" ,"7.00" x 22.00" x 26.00"" ,"Oversize (Small)" ,"13.1506 lbs"
"B079XXZR33" ,"TruckProUSA B&W OEM Puck System Gooseneck Ball & Safety Chain Kit for GM  Ford  Nissan" ,"TruckProUSA" ,"Automotive" ,"$102,258.00" ,"342" ,"$299.00" ,"$51.36" ,"$247.64" ,"8,046" ,"243" ,"3" ,"22" ,"02/18/2018" ,"DTex Pro" ,"4.9" ,"5.00" x 12.00" x 16.00"" ,"Oversize (Small)" ,"20.0003 lbs"
"B00132CG4M" ,"Gorilla Lift GOR2LFT 2-Sided Tailgate Utility Trailer Gate & Ramp Lift Assist System with One-Handed Operation" ,"Gorilla Lift" ,"Automotive" ,"$102,104.36" ,"667" ,"$153.08" ,"$39.93" ,"$113.15" ,"3,073" ,"1986" ,"6" ,"14" ,"01/22/2008" ,"Kaspien" ,"4.8" ,"36.00" x 10.00" x 3.00"" ,"Oversize (Small)" ,"36 lbs"
"B07M931YBR" ,"RoofPax Car Roof Bag & Rooftop Cargo Carrier. 19 Cubic Feet. 100% Waterproof Excellent Military Quality Car Top Carrier. Heavy Duty RoofBag. Fits All Vehicle With/Without Rack. 4+2 Door Hooks Included" ,"RoofPax" ,"Automotive" ,"$198,633.00" ,"1,466" ,"$135.50" ,"$27.37" ,"$108.13" ,"N.A." ,"1334" ,"7" ,"10" ,"10/09/2017" ,"RoofPax" ,"4.5" ,"18.11" x 12.20" x 9.84"" ,"Oversize (Small)" ,"7.72 lbs"
"B07MSJXYB8" ,"Thule WingBar Evo Load Bars (Set of 2)" ,"Thule" ,"Automotive" ,"$100,156.12" ,"457" ,"$219.16" ,"$36.56" ,"$182.60" ,"8,716" ,"1513" ,"5" ,"18" ,"01/06/2019" ,"EverGreenGlobal" ,"4.7" ,"3.35" x 3.94" x 43.46"" ,"Oversize (Small)" ,"6.2611 lbs"
"B01N9D1U8U" ,"3M 1080 M12 MATTE BLACK 5ft x 15ft (75 Sq/ft) Car Wrap Vinyl Film" ,"3M" ,"Automotive" ,"$99,893.34" ,"666" ,"$140.00" ,"$27.65" ,"$112.35" ,"3,419" ,"6.5" ,"3" ,"3" ,"07/03/2011" ,"VViViD Vinyl" ,"5" ,"60.00" x 2.01" x 0.20"" ,"Oversize (Small)" ,"4.65 lbs"
"B07C4RB88G" ,"Tentproinc RV Awning Sunshade Screen ● 10'X16'3''- Black Mesh Sun Shade ● Block Patio Front Sun Light ● Motorhome Camping Trailer UV Sunblocker ● Canopy Sunscreen-3 Years Lasting" ,"Tentproinc" ,"Automotive" ,"$98,994.00" ,"600" ,"$164.99" ,"$30.98" ,"$134.01" ,"5,127" ,"365" ,"7" ,"1" ,"03/25/2020" ,"Tentproinc" ,"4.8" ,"3.00" x 16.00" x 19.50"" ,"Oversize (Small)" ,"8.7 lbs"
"B01ANF1D7U" ,"FOXWELL BT705 12V 24V Car Battery Tester Automotive 100-2000 CCA Battery Load Tester Auto Cranking and Charging System Test Scan Tool Digital Battery Analyzer for Vehicles and Heavy Duty Trucks" ,"FOXWELL" ,"Automotive" ,"$97,903.41" ,"759" ,"$128.99" ,"$24.16" ,"$104.83" ,"3,339" ,"953" ,"7" ,"1" ,"01/14/2016" ,"OBDZON" ,"4.7" ,"14.02" x 9.02" x 5.71"" ,"Standard (Large)" ,"3.1 lbs"
"B019QCG5RE" ,"FOXWELL NT510 Elite Full Systems Scanner for BMW Automotive Obd2 Code Reader Bidirectional Diagnostic Scan Tool with SRS EPB SAS TPS Active Test Oil Reset Battery Registration" ,"FOXWELL" ,"Automotive" ,"$97,555.00" ,"545" ,"$179.00" ,"$29.49" ,"$149.51" ,"5,194" ,"1223" ,"7" ,"1" ,"12/22/2015" ,"OBDZON" ,"4.3" ,"8.90" x 7.40" x 3.50"" ,"Standard (Large)" ,"1.35 lbs"
"B07B915K67" ,"GearAmerica (2PK) Mega Snatch Blocks 25T Strength (25 000 LBS WLL) | Heavy Duty Winch Pulley for Synthetic Rope or Steel Cable | Offroad Like a Pro! - Control Recovery Direction  Double Winch Power" ,"GearAmerica" ,"Automotive" ,"$96,852.32" ,"692" ,"$139.96" ,"$29.46" ,"$110.50" ,"2,773" ,"743" ,"7" ,"1" ,"03/05/2018" ,"GA GearAmerica" ,"4.8" ,"4.68" x 6.54" x 11.10"" ,"Standard (Large)" ,"13.5981 lbs"
"B00ODFO6AI" ,"Gladiator Cargo Nets - Heavy Duty Truck Cargo Net - Large (LGN-100) 8.75' x 10' ft." ,"Gladiator Cargo Nets" ,"Automotive" ,"$218,509.00" ,"1,127" ,"$184.00" ,"$43.88" ,"$140.12" ,"N.A." ,"798" ,"5" ,"2" ,"08/16/2010" ,"Gladiator Cargo Nets" ,"4.9" ,"18.70" x 14.60" x 8.00"" ,"Oversize (Small)" ,"18.95 lbs"
"B07VZQCJM8" ,"MaxMate Soft Roll Up Truck Bed Tonneau Cover for 2007-2013 Chevy Silverado/GMC Sierra 1500 | Fleetside 5.8' Bed" ,"MaxMate" ,"Automotive" ,"$91,290.00" ,"510" ,"$179.00" ,"$43.19" ,"$135.81" ,"6,800" ,"1308" ,"4" ,"1" ,"11/15/2017" ,"MaxMate Depot" ,"4.6" ,"5.00" x 10.80" x 98.30"" ,"Oversize (Medium)" ,"34.2995 lbs"
"B07LCJ5HSP" ,"AUTOSAVER88 Compatible with 2003 2004 2005 2006 Chevy Avalanche Silverado 1500 2500 3500/2007 Chevrolet Silverado Classic Pickup Headlight Assembly Headlamp Black Housing with Turn Signal Bumper Lamp" ,"AUTOSAVER88" ,"Automotive" ,"$91,257.53" ,"347" ,"$262.99" ,"$44.38" ,"$218.61" ,"9,315" ,"633" ,"6" ,"2" ,"11/25/2018" ,"autosaver88" ,"4.4" ,"10.00" x 17.00" x 21.00"" ,"Oversize (Small)" ,"13.0007 lbs"
"B07YMSBZS7" ,"Aerolon - Tech Shine - Fast Wet-Applied Coating - Polymeric Car Wax - Top Coat Polish and Sealer - One 5-Mins Application to Hydrophobic Shine and Protect All Exterior Car Surfaces - 1 Gallon Jug" ,"Aerolon" ,"Automotive" ,"$90,185.30" ,"694" ,"$129.95" ,"$26.29" ,"$103.66" ,"4,567" ,"1940" ,"7" ,"2" ,"09/20/2015" ,"Aerolon - Tech Shine & Show Polish" ,"4.6" ,"10.30" x 6.40" x 6.10"" ,"Standard (Large)" ,"8.4 lbs"
"B083GYQCTM" ,"TORC T1 Unisex-Adult Retro Full-face-Helmet-Style Motorcycle (Dreamliner Tan Gloss Black  X-Large)" ,"TORC" ,"Automotive" ,"$89,996.40" ,"360" ,"$259.99" ,"$39.04" ,"$220.95" ,"13,087" ,"273" ,"4" ,"6" ,"02/20/2019" ,"XtremeHelmets" ,"4.35" ,"10.50" x 11.50" x 13.30"" ,"Oversize (Small)" ,"4.4004 lbs"
"B01CKE7E9S" ,"U-Pol Raptor Black Urethane Spray-On Truck Bed Liner Kit w/Free Spray Gun  8 Liters" ,"U-POL" ,"Automotive" ,"$89,662.68" ,"366" ,"$244.98" ,"$46.78" ,"$198.20" ,"6,686" ,"642" ,"6" ,"1" ,"03/03/2016" ,"TCP Global Corp" ,"4.8" ,"24.00" x 12.00" x 10.00"" ,"Oversize (Small)" ,"25 lbs"
"B07VN2N7L3" ,"Kinverch 2000W Continuous/ 4000W Peak Power Inverter 3 AC Outlets 12V to 110V Car Converter with USB Port and Bluetooth APP Remote Control" ,"kinverch" ,"Automotive" ,"$89,313.62" ,"638" ,"$139.99" ,"$28.29" ,"$111.70" ,"3,281" ,"813" ,"7" ,"1" ,"11/12/2018" ,"International Power" ,"4.3" ,"7.90" x 13.10" x 16.10"" ,"Standard (Large)" ,"10.5006 lbs"
"B08SX7VXG9" ,"YITAMOTOR Floor Mats Compatible with Honda Accord  Custom fit Floor Liners for 2013-2017 Honda Accord Sedans  1st & 2nd Row All Weather Protection  Black" ,"YITAMOTOR" ,"Automotive" ,"$88,523.19" ,"681" ,"$129.99" ,"$27.36" ,"$102.63" ,"2,887" ,"1112" ,"7" ,"2" ,"03/20/2018" ,"YITAMOTOR" ,"4.8" ,"7.00" x 24.20" x 32.70"" ,"Oversize (Small)" ,"10.2008 lbs"
"B07S6RTRMN" ,"Nicoko 52 Inch 300w Curved Led Light Bar with Chasing RGB halo ring for 10 Solid Color Changing with Strobe Flashing Modes Spot Flood Combo Beam IP67 waterproof&Free wiring harness for Off road Truck" ,"Nicoko" ,"Automotive" ,"$85,988.00" ,"332" ,"$200.00" ,"$43.67" ,"$156.33" ,"8,631" ,"606.6" ,"7" ,"1" ,"11/19/2016" ,"NICOKO" ,"4.3" ,"54.49" x 7.09" x 4.69"" ,"Oversize (Small)" ,"12.4 lbs"
"B08RS9Z6M7" ,"EKR Custom Fit Full Set Car Seat Covers for Select Toyota RAV4 Limited XLE SE Platinum Adventure 2013 2014 2015 2016 2017 2018 (NOT for EV OR Hybrid) - Leatherette (Black with Red Trim)" ,"EKR" ,"Automotive" ,"$84,625.97" ,"403" ,"$199.99" ,"$39.78" ,"$160.21" ,"9,435" ,"408" ,"6" ,"2" ,"03/12/2019" ,"LingyueAuto" ,"4.5" ,"27.56" x 22.05" x 7.09"" ,"Oversize (Small)" ,"17.637 lbs"
"B07HPF1M83" ,"RVLock Key Fob and RH Compact Keyless Entry Keypad  RV/5th Wheel Lock Accessories" ,"RVLock" ,"Automotive" ,"$84,545.55" ,"445" ,"$189.99" ,"$31.15" ,"$158.84" ,"10,473" ,"1421" ,"6" ,"2" ,"09/28/2018" ,"RVLock" ,"4.4" ,"3.80" x 5.90" x 8.80"" ,"Standard (Large)" ,"2.2509 lbs"
"B08BXXCJFY" ,"OASIS AUTO OS-003 Leather Car Seat Covers  Faux Leatherette Automotive Vehicle Cushion Cover for Cars SUV Pick-up Truck Universal Fit Set for Auto Interior Accessories (Eagle TAN  Style 2)" ,"OASIS AUTO" ,"Automotive" ,"$83,843.55" ,"645" ,"$129.99" ,"$24.49" ,"$105.50" ,"2,894" ,"59" ,"6" ,"1" ,"06/26/2020" ,"Oasis Auto Group" ,"4.2" ,"7.00" x 21.00" x 26.00"" ,"Oversize (Small)" ,"3.9992 lbs"
"B08KSHCC1K" ,"LUCKYMAN CLUB Custom Seat Covers Fit for 2015-2020 F150 Crew Cab  2017-2020 F250 F350 F450 Superduty Crew Cab with Faux Leather (F1-Black)" ,"LUCKYMAN CLUB" ,"Automotive" ,"$83,580.00" ,"420" ,"$169.00" ,"$37.84" ,"$131.16" ,"8,142" ,"32.25" ,"7" ,"1" ,"10/05/2020" ,"LUCKYMAN CLUB" ,"4.275" ,"27.00" x 23.00" x 7.00"" ,"Oversize (Small)" ,"16 lbs"
"B07VZN5483" ,"Adam's Arsenal Builder Pro Car Detailing Kit (21 Piece) - Our Best Value Gift Cleaning Kit | Premium Car Wash Kit Complete with Bucket  Foam Cannon  Cleaning Supplies  Accessories & Chemicals" ,"Adam's Polishes" ,"Automotive" ,"$83,016.00" ,"450" ,"$184.48" ,"$36.33" ,"$148.15" ,"7,438" ,"371" ,"7" ,"2" ,"06/06/2019" ,"Adam's Polishes, Inc." ,"4.7" ,"12.70" x 13.00" x 15.80"" ,"Oversize (Small)" ,"16.6008 lbs"
"B07TWB77MQ" ,"Weigh Safe 180 Hitch CTB10-2.5 10" Drop Hitch  2.5" Receiver 18 500 LBS GTW - Adjustable Aluminum Trailer Hitch Ball Mount & Chrome Plated Combo Ball  Dual Pin Keyed Lock" ,"Weigh Safe" ,"Automotive" ,"$82,496.70" ,"330" ,"$239.99" ,"$46.36" ,"$193.63" ,"9,721" ,"480.6666666666667" ,"7" ,"3" ,"02/18/2019" ,"Wild Power Sports" ,"4.8" ,"4.25" x 6.50" x 14.29"" ,"Oversize (Small)" ,"22.3306 lbs"
"B07DGX2DTK" ,"LEXIN 2pcs B4FM Motorcycle Bluetooth Intercom with FM Radio  Helmet Bluetooth Headset With Noise Cancellation Up to 4 Riders  Universal Off-road Snowmobile Communication Systems" ,"LEXIN" ,"Automotive" ,"$81,162.66" ,"534" ,"$151.99" ,"$29.54" ,"$122.45" ,"4,180" ,"1980" ,"6" ,"4" ,"06/01/2018" ,"lexinmoto" ,"4.3" ,"0.10" x 0.10" x 0.10"" ,"Standard (Large)" ,"10 lbs"
"B08D3N2YNC" ,"7 Inch Led Headlights DOT Approved Round Headlight with DRL Low Beam and High Beam Compatible with Jeep Wrangler JK LJ CJ TJ 1997-2018 Headlamps Hummer H1 H2 - 2021 Exclusive Patent (Chrome)" ,"AUDEXEN" ,"Automotive" ,"$80,579.52" ,"504" ,"$159.88" ,"$28.75" ,"$131.13" ,"4,642" ,"719" ,"7" ,"1" ,"07/06/2019" ,"AUDEXEN LIGHT" ,"4.6" ,"5.91" x 8.35" x 15.43"" ,"Standard (Large)" ,"5.4454 lbs"
"B000S0I1OE" ,"B&W Tow & Stow - Fits 2" Receiver  Dual Ball (2" x 2-5/16")  5" Drop  10 000 GTW" ,"B&W Trailer Hitches" ,"Automotive" ,"$80,550.00" ,"358" ,"$225.00" ,"$46.05" ,"$178.95" ,"4,860" ,"306" ,"6" ,"38" ,"06/06/2007" ,"B&W Trailer Hitches" ,"4.9" ,"13.19" x 11.30" x 8.90"" ,"Oversize (Small)" ,"29.4 lbs"
"B07S7H86Z1" ,"INNOVA 6100P SRS ABS OBD2 Scanner Live Data  Car Code Reader Diagnostic Scan Tool with Battery Alternator Test/Service Light Reset/Repair Solutions 2 APP/Lighted Connector" ,"INNOVA" ,"Automotive" ,"$80,192.97" ,"603" ,"$132.99" ,"$23.97" ,"$109.02" ,"4,263" ,"527" ,"7" ,"1" ,"06/27/2019" ,"Romondes" ,"4.4" ,"2.87" x 7.87" x 10.35"" ,"Standard (Large)" ,"1.3382 lbs"
"B07WZQ5YTB" ,"ExpertPower 12V 20Ah Lithium LiFePO4 Deep Cycle Rechargeable Battery | 2500-7000 Life Cycles & 10-Year lifetime | Built-in BMS | Perfect for RV  Solar  Marine  Overland  Off-Grid Applications" ,"ExpertPower" ,"Automotive" ,"$78,655.86" ,"414" ,"$189.99" ,"$32.79" ,"$157.20" ,"6,580" ,"260" ,"6" ,"3" ,"08/26/2019" ,"ExpertPower Direct" ,"4.7" ,"4.70" x 10.20" x 10.30"" ,"Standard (Large)" ,"6.5499 lbs"
"B074QK9W6H" ,"Alpinestars Men's Tech 3 Motocross Boots" ,"Alpinestars" ,"Automotive" ,"$77,980.50" ,"390" ,"$199.95" ,"$34.46" ,"$165.49" ,"11,397" ,"282" ,"5" ,"28" ,"07/31/2017" ,"Cycle Sports Center" ,"4.7" ,"5.20" x 13.60" x 21.60"" ,"Oversize (Small)" ,"6.8 lbs"
"B07MG85DWX" ,"Five 8-ft E Track Tie-Down Rail  Powder-Coated Steel ETrack TieDowns  Horizontal 8' E-Tracks  Pack of 5 Bolt-On Tie Down Rails for Cargo on Pickups  Trucks  Trailers  Vans" ,"DC Cargo Mall" ,"Automotive" ,"$77,755.68" ,"432" ,"$174.99" ,"$55.98" ,"$119.01" ,"7,148" ,"559.6666666666666" ,"7" ,"1" ,"01/10/2019" ,"DC Cargo Mall" ,"4.9" ,"2.00" x 6.50" x 97.40"" ,"Oversize (Medium)" ,"60.001 lbs"
"B08NY5L1CD" ,"OKLEAD 400 Lbs Heavy Duty Hitch Mount Cargo Carrier 60" x 24" x 14.4" Folding Cargo Rack Rear Luggage Basket Fits 2" Receiver for Car SUV Camping Traveling" ,"OKLEAD" ,"Automotive" ,"$76,495.75" ,"425" ,"$179.99" ,"$57.01" ,"$122.98" ,"N.A." ,"604" ,"4" ,"2" ,"02/28/2019" ,"KAIRAYAUTO" ,"4.5" ,"4.00" x 25.50" x 61.50"" ,"Oversize (Medium)" ,"62.651 lbs"
"B07MFT9J7Q" ,"ScorpionEXO EXO Covert Helmet (Black/Grey - X-Small)" ,"ScorpionEXO" ,"Automotive" ,"$75,883.50" ,"330" ,"$229.95" ,"$37.34" ,"$192.61" ,"9,861" ,"59" ,"3" ,"21" ,"01/08/2019" ,"Longhorn Moto" ,"4.1" ,"14.00" x 11.00" x 11.00"" ,"Oversize (Small)" ,"4.9009 lbs"
"B07Y1LDM1M" ,"FREESOO Car Seat Cover Cushions PU Leather  Front Rear Full Set Car Seat Covers for 5 Seats Vehicle Suitable for Year Round Use(Black Red 3)" ,"FREESOO" ,"Automotive" ,"$75,699.85" ,"515" ,"$148.49" ,"$28.24" ,"$120.25" ,"4,231" ,"764.25" ,"7" ,"1" ,"09/28/2020" ,"LIBEYE" ,"3.9625" ,"7.00" x 21.50" x 26.00"" ,"Oversize (Small)" ,"7.1496 lbs"
"B07TC46PDQ" ,"LS2 Helmets Subverter Straight Full Face MX Helmet (Blue/HiViz - XX-Large)" ,"LS2" ,"Automotive" ,"$75,593.70" ,"315" ,"$239.98" ,"$38.16" ,"$201.82" ,"24,079" ,"99" ,"4" ,"3" ,"12/16/2019" ,"Black Hills Moto" ,"4.5" ,"11.10" x 12.00" x 16.00"" ,"Oversize (Small)" ,"5.2492 lbs"
"B08B82YLBR" ,"LED Light Bar 50 inch - 4WDKING Screwless Design 250W IP69K Waterproof Off Road Combo LED Work Light Super Bright Truck Driving Fog Lamp Fit for Ford F150 Polaris RZR Jeep Wrangler" ,"4WDKING" ,"Automotive" ,"$72,934.79" ,"521" ,"$139.99" ,"$27.17" ,"$112.82" ,"4,860" ,"537" ,"6" ,"1" ,"03/19/2019" ,"4WDKING" ,"4.5" ,"3.50" x 3.50" x 55.50"" ,"Oversize (Small)" ,"6.5499 lbs"
"B07VLKQC36" ,"Power Inverter 2000w DC 12V to AC 120V Modified Sine Wave Inverter with LCD Display Remote Control 3AC Outlets Dual 2.4A USB Ports for Car RV Truck Boat by VOLTWORKS" ,"VOLTWORKS" ,"Automotive" ,"$71,055.82" ,"418" ,"$169.99" ,"$32.04" ,"$137.95" ,"10,224" ,"625" ,"7" ,"1" ,"04/24/2019" ,"VOLTWORKS" ,"4.5" ,"6.65" x 11.10" x 17.52"" ,"Standard (Large)" ,"10.9019 lbs"
"B08J7MNBZX" ,"LUCKYMAN CLUB Vehicle Car Seat Covers Set Fit for Most SUV Sedan with Waterproof Faux Leather (H-Black)" ,"LUCKYMAN CLUB" ,"Automotive" ,"$69,252.00" ,"348" ,"$199.00" ,"$36.91" ,"$162.09" ,"9,991" ,"54" ,"6" ,"1" ,"09/15/2020" ,"LUCKYMAN CLUB" ,"4.4" ,"7.00" x 22.30" x 26.50"" ,"Oversize (Small)" ,"13.5496 lbs"
"B085VR2JHM" ,"Motorcycle Bluetooth Helmets FreedConn Flip up Dual Visors Full Face Helmet Built-in Integrated Intercom Communication System(Range 500M 2-3Riders Pairing FM radio Waterproof L Red)" ,"FreedConn" ,"Automotive" ,"$67,271.55" ,"345" ,"$194.99" ,"$33.18" ,"$161.81" ,"15,018" ,"1017.3333333333334" ,"7" ,"1" ,"11/08/2016" ,"LIVECONN" ,"4.3" ,"15.00" x 10.00" x 10.00"" ,"Oversize (Small)" ,"5 lbs"
"B07DNL7R11" ,"LS2 Helmets Rebellion Motorcycle Half Helmet (Brushed Alloy - X-Small)" ,"LS2" ,"Automotive" ,"$66,289.80" ,"510" ,"$129.98" ,"$20.93" ,"$109.05" ,"7,679" ,"270.25" ,"3" ,"3" ,"01/30/2020" ,"Black Hills Moto" ,"4.6" ,"13.50" x 11.00" x 8.00"" ,"Standard (Large)" ,"3.63 lbs"
"B086GSC7ZL" ,"Nirider 2PCS 6ft LED Whip Lights with Flag Pole Remote Control Spiral RGB Chase Light Offroad Warning Lighted Antenna LED Whips for UTV  ATV  Off Road  Truck  Sand  Buggy Dune  RZR  Can-am  Boat" ,"Nirider" ,"Automotive" ,"$65,305.06" ,"433" ,"$150.82" ,"$31.22" ,"$119.60" ,"10,628" ,"539" ,"5" ,"1" ,"12/04/2019" ,"Nirider" ,"4.5" ,"2.75" x 3.23" x 73.00"" ,"Oversize (Medium)" ,"5.5005 lbs"
"B07GKM5XHF" ,"GearAmerica Off-Road Recovery Kit | Tow Strap + Tree Saver + Heavy Duty Snatch Block Pulley + Black D-Ring Shackles + Winch Line Dampener Bag + Recovery Gloves | Ultimate 4x4 Winching Accessories" ,"GearAmerica" ,"Automotive" ,"$64,936.80" ,"464" ,"$139.95" ,"$31.59" ,"$108.36" ,"9,674" ,"370" ,"7" ,"1" ,"08/15/2018" ,"GA GearAmerica" ,"4.8" ,"6.30" x 12.40" x 13.60"" ,"Standard (Large)" ,"19.2001 lbs"
"B078XTV645" ,"1"×30ft Kinetic Energy Rope Truck SUV Tow Rope Recovery Rope 30000lbs Towing Rope (Black)" ,"QIQU" ,"Automotive" ,"$63,597.00" ,"493" ,"$129.00" ,"$26.72" ,"$102.28" ,"7,356" ,"247" ,"5" ,"1" ,"05/10/2016" ,"Best Off-road Store" ,"4.8" ,"4.90" x 6.90" x 19.30"" ,"Oversize (Small)" ,"8.8494 lbs"
"B085MCP4KL" ,"WHITEDUCK Canvas Tarp 18 oz. Heavy Duty Waterproof Mold & UV Resistant  Rustproof Grommets  Industrial & Commercial Use Cloth Tarp (Cut Size: 12'x20'  Finished Size: 11’6" x19’6”  Tan)" ,"WHITEDUCK" ,"Automotive" ,"$62,996.85" ,"315" ,"$199.99" ,"$44.42" ,"$155.57" ,"7,217" ,"565" ,"7" ,"1" ,"10/03/2019" ,"WHITE DUCK OUTDOORS INC." ,"4.7" ,"8.00" x 16.00" x 19.00"" ,"Oversize (Small)" ,"33.001 lbs"
"B08MT89N11" ,"Silverado Headlight Housing from Torchbeam  Replacement Headlight Assembly for 2007-2014 Silverado 1500/2500 HD/3500 HD  Black Housing Amber Reflector【New upgrade】 Pack of 2" ,"Torchbeam" ,"Automotive" ,"$62,995.80" ,"420" ,"$149.99" ,"$35.50" ,"$114.49" ,"10,898" ,"40" ,"7" ,"1" ,"07/08/2020" ,"Yanwei Direct" ,"4.5" ,"21.85" x 19.09" x 22.24"" ,"Oversize (Small)" ,"25.3289 lbs"
"B07RLF8FBC" ,"LAUNCH OBD2 Scanner CRP123X Code Reader for ABS SRS Engine Transmission Diagnostic Tool  5.0” Touchscreen Android 7.0-Based Wi-Fi One-Click Lifetime Free Update Scan Tool  Upgraded Version of CRP123" ,"LAUNCH" ,"Automotive" ,"$62,485.60" ,"370" ,"$168.88" ,"$28.26" ,"$140.62" ,"7,231" ,"798" ,"7" ,"2" ,"05/08/2019" ,"LaunchDirect" ,"4.6" ,"3.50" x 9.00" x 11.00"" ,"Standard (Large)" ,"1.3007 lbs"
"B07DM81J9K" ,"FLY Racing Maverik Boots for Motocross  Off-road  and ATV riding (SZ 07 BLACK)" ,"Fly Racing" ,"Automotive" ,"$62,376.00" ,"480" ,"$129.95" ,"$24.50" ,"$105.45" ,"4,116" ,"926" ,"4" ,"5" ,"06/07/2018" ,"MotoMummy" ,"4.6" ,"14.00" x 21.00" x 5.00"" ,"Oversize (Small)" ,"2.7 lbs"
"B088WCKV1N" ,"AUDEXEN LED Tail Lights Compatible with Jeep Wrangler JK JKU 2007-2018  Unique"C" Shaped Design Clear Lens  20W Reverse Lights  Built-in EMC  DOT Compliant  2 PCS" ,"AUDEXEN" ,"Automotive" ,"$62,184.72" ,"494" ,"$125.88" ,"$24.65" ,"$101.23" ,"5,456" ,"425" ,"6" ,"1" ,"07/03/2019" ,"AUDEXEN LIGHT" ,"4.8" ,"7.28" x 9.02" x 9.92"" ,"Standard (Large)" ,"5.3881 lbs"
"B08FMC5N4Z" ,"AmeriLite for 2009-2019 Dodge Ram 1500/10-19 Ram 2500 3500 Clear Black C-Type LED Tube Replacement Tail Light Assembly Set - Passenger and Driver Side" ,"AmeriLite" ,"Automotive" ,"$60,338.61" ,"339" ,"$177.99" ,"$32.40" ,"$145.59" ,"N.A." ,"148" ,"6" ,"2" ,"06/15/2020" ,"AmeriLite" ,"4.4" ,"20.58" x 15.94" x 6.90"" ,"Oversize (Small)" ,"8.33 lbs"
"B087D9DSB8" ,"Start-X Complete Plug N Play Remote Starter kit for Toyota Tundra 2010-2017 || Zero Wire Splicing!" ,"Start-X" ,"Automotive" ,"$59,997.00" ,"300" ,"$199.99" ,"$32.54" ,"$167.45" ,"N.A." ,"398" ,"4" ,"1" ,"07/18/2019" ,"Remote Starter" ,"4.8" ,"3.62" x 4.57" x 8.58"" ,"Standard (Large)" ,"2.7492 lbs"
"B07CGR1T5T" ,"ScanGauge - SG2 II Ultra Compact 3-in-1 Automotive Computer with Customizable Real-Time Fuel Economy Digital Gauges" ,"ScanGauge" ,"Automotive" ,"$59,915.72" ,"428" ,"$139.99" ,"$24.56" ,"$115.43" ,"N.A." ,"1746" ,"4" ,"5" ,"10/01/2000" ,"Boca Deals" ,"4.7" ,"2.36" x 5.63" x 10.16"" ,"Standard (Large)" ,"0.6834 lbs"
"B01LX28DB4" ,"VViViD Epoxy High Gloss Carbon Fiber Automotive Vinyl Wrap (Gold  10ft x 5ft)" ,"VViViD" ,"Automotive" ,"$58,795.80" ,"420" ,"$139.99" ,"$26.16" ,"$113.83" ,"8,158" ,"218" ,"3" ,"1" ,"09/12/2017" ,"VViViD Vinyl" ,"4.1" ,"1.30" x 3.20" x 60.00"" ,"Oversize (Small)" ,"3.9 lbs"
"B08VRX1L5Q" ,"XCAR Roof Rack Carrier Basket Rooftop Cargo Carrier with Extension Black Car Top Luggage Holder 64"x 39"x 6" Universal for SUV Cars" ,"XCAR" ,"Automotive" ,"$58,236.36" ,"364" ,"$159.99" ,"$41.23" ,"$118.76" ,"10,520" ,"495" ,"6" ,"1" ,"07/17/2019" ,"X'Car" ,"4.4" ,"7.60" x 25.30" x 40.70"" ,"Oversize (Small)" ,"37.2493 lbs"
"B07K4371ZY" ,"Tentproinc RV Awning Sun Shade Screen 9' X 11'3'' - Brown Mesh Sunshade UV Blocker Complete Kits Motorhome Camping Trailer Canopy Shelter - 3 Years Limited Warranty" ,"Tentproinc" ,"Automotive" ,"$58,207.38" ,"462" ,"$125.99" ,"$21.21" ,"$104.78" ,"11,020" ,"62" ,"4" ,"1" ,"10/30/2018" ,"Tentproinc" ,"4.8" ,"4.45" x 13.43" x 17.05"" ,"Standard (Large)" ,"5.646 lbs"
"B08C4YNMWK" ,"West Leathers Leather Car Seat Covers  Faux Leatherette Automotive Vehicle Cushion Cover for Cars SUV Pick-up Truck Universal Fit Set for Auto Interior Accessories (Brown  Full Set)" ,"West Leathers" ,"Automotive" ,"$58,136.77" ,"323" ,"$179.99" ,"$34.42" ,"$145.57" ,"7,368" ,"55" ,"4" ,"2" ,"06/30/2020" ,"SUPER LINER Inc" ,"4.5" ,"29.00" x 22.00" x 6.00"" ,"Oversize (Small)" ,"13 lbs"
"B07W5R6DD1" ,"509 Altitude Helmet with Fidlock (Desert Khaki/Olive -X-Small)" ,"509" ,"Automotive" ,"$57,750.00" ,"330" ,"$175.00" ,"$31.50" ,"$143.50" ,"13,201" ,"79" ,"4" ,"3" ,"08/06/2019" ,"Black Hills Moto" ,"4.6" ,"18.00" x 16.00" x 12.00"" ,"Oversize (Small)" ,"6.9 lbs"
"B014CTYI1Q" ,"ECCPP Towing Mirrors fit 02-08 for Dodge Ram 1500 03-09 for Dodge Ram 2500 3500 Pickup Truck Power Heated Tow Folding Side View Black Mirror Pair Set Right Passenger and Left Driver Side" ,"ECCPP" ,"Automotive" ,"$56,568.93" ,"407" ,"$138.99" ,"$32.79" ,"$106.20" ,"34,734" ,"285" ,"6" ,"2" ,"08/23/2015" ,"EccppAutoParts" ,"4" ,"22.00" x 19.50" x 14.50"" ,"Oversize (Small)" ,"21.65 lbs"
"B0771LJMMF" ,"AUTOSAVER88 Compatible with 05 06 07 ford F250 F350 F450 F550 Super Duty/ 05 ford Excursion Headlight Assembly OE Projector Headlamp Black Housing Clear Lens" ,"AUTOSAVER88" ,"Automotive" ,"$54,562.77" ,"423" ,"$129.49" ,"$27.73" ,"$101.76" ,"5,968" ,"840" ,"6" ,"4" ,"08/16/2017" ,"autosaver88" ,"4.5" ,"17.60" x 17.20" x 7.99"" ,"Oversize (Small)" ,"11.5 lbs"
"B07RLF2XNM" ,"LAUNCH Code Reader -CRP123X OBD2 Scanner Scan Tool for ABS SRS Transmission Engine Code Reader Car Diagnostic Tool with Battery Test  Android 7.0 Based  5.0” Touchscreen  AutoVIN  Wi-Fi Free Updates" ,"LAUNCH" ,"Automotive" ,"$54,210.48" ,"321" ,"$168.88" ,"$28.86" ,"$140.02" ,"21,631" ,"286" ,"8" ,"2" ,"05/08/2019" ,"Leoglobal" ,"4.6" ,"3.15" x 12.20" x 12.87"" ,"Standard (Large)" ,"2.877 lbs"
"B08KSRCS7Q" ,"Auxbeam 8 Gang Switch Panel Automatic Dimmable LED On-Off Car Switch Panel Electronic Relay System LED Car Touch Switch Box Universal for Truck ATV UTV Boat Marine SUV Car -Green Backlit" ,"Auxbeam" ,"Automotive" ,"$53,206.87" ,"313" ,"$169.99" ,"$29.33" ,"$140.66" ,"9,868" ,"54" ,"7" ,"1" ,"09/02/2020" ,"Auxbeam" ,"4.7" ,"11.81" x 7.87" x 3.15"" ,"Standard (Large)" ,"3.7787 lbs"
"B07YG12VMY" ,"Lectron - Tesla to J1772 Adapter  Max 40A & 250V - Compatible with Tesla High Powered Connector  Destination Charger  and Mobile Connector (White)" ,"Lectron" ,"Automotive" ,"$52,636.71" ,"329" ,"$159.99" ,"$27.53" ,"$132.46" ,"9,311" ,"342" ,"6" ,"5" ,"07/10/2019" ,"Wasserstein Home" ,"4.4" ,"2.40" x 8.80" x 16.90"" ,"Standard (Large)" ,"2.2002 lbs"
"B07QW18S12" ,"LAUNCH OBD2 Scanner CRP123E Engine ABS SRS Transmission Code Reader 5"Touchscreen  Android 7.0  Wi-fi Free Update Scan Tool  Battery Test  Auto VIN  5 Years Warranty- Upgraded CRP123 [2021Elite Ver.]" ,"LAUNCH" ,"Automotive" ,"$52,515.00" ,"389" ,"$135.00" ,"$24.73" ,"$110.27" ,"8,391" ,"614" ,"7" ,"1" ,"04/17/2019" ,"UCar Technology CO.,ltd" ,"4.5" ,"3.20" x 8.70" x 10.80"" ,"Standard (Large)" ,"2.7007 lbs"
"B08B7WWN9P" ,"4WDKING LED Light Bar 50 inch IP68&IP69K Waterproof USA Design Premium LED Combo Off Road Work Light Truck Fog Lamp Mount on Front Bumper and Grille  Compatible for Ford F150 Tacoma Jeep Wrangler" ,"4WDKING" ,"Automotive" ,"$51,936.29" ,"371" ,"$139.99" ,"$28.19" ,"$111.80" ,"6,157" ,"421" ,"6" ,"1" ,"03/22/2019" ,"4WDKING" ,"4.6" ,"3.90" x 5.50" x 50.00"" ,"Oversize (Small)" ,"9.2506 lbs"
"B07W6RZ6RG" ,"509 Sinister X6 Goggle (Neon Black)" ,"509" ,"Automotive" ,"$50,801.85" ,"363" ,"$139.95" ,"$24.83" ,"$115.12" ,"4,856" ,"88.5" ,"3" ,"12" ,"08/06/2019" ,"Tousley Motorsports Inc." ,"4.7" ,"5.50" x 6.00" x 12.10"" ,"Standard (Large)" ,"1.3999 lbs"
"B08DFW283Y" ,"7"inch LED Headlights High Low Beam + 4" Fog Light with Blue Halo Beam DRL Amber Turn Signal Light Compatible with Wrangler 1997-2019 JK TJ LJ CJ Hummer H1 H2 Headlamps Chrome DOT Approved (Green)" ,"YEEGO DIRECT" ,"Automotive" ,"$49,496.70" ,"330" ,"$149.99" ,"$28.07" ,"$121.92" ,"10,126" ,"72" ,"7" ,"1" ,"07/21/2020" ,"YEEGO DIRECT" ,"3.9" ,"4.68" x 11.97" x 15.08"" ,"Standard (Large)" ,"6.7726 lbs"
"B082SMTD59" ,"Alpicool C12 Mini Car Refrigerator 12 Volt Portable Fridge Freezer 13 Quart(12 Liter) Vehicle  Car  Truck  RV  Boat  Mini Fridge Freezer for Driving  Travel  Fishing  Outdoor -12/24V DC" ,"Alpicool" ,"Automotive" ,"$48,654.00" ,"306" ,"$159.00" ,"$33.66" ,"$125.34" ,"8,908" ,"75" ,"4" ,"3" ,"12/15/2019" ,"Alpicool Portable Compressor Fridge Freezer" ,"4.8" ,"14.50" x 15.00" x 18.20"" ,"Oversize (Small)" ,"17.637 lbs"
"B0761LTTCN" ,"Smith Optics Session MIPS Men's MTB Cycling Helmet (Matte Vapor/Klein Fade  Small)" ,"Smith Optics" ,"Automotive" ,"$48,000.00" ,"300" ,"$160.00" ,"$27.44" ,"$132.56" ,"13,090" ,"79" ,"4" ,"6" ,"11/05/2019" ,"pipeline24" ,"4.4" ,"7.48" x 10.16" x 14.69"" ,"Standard (Large)" ,"1.9511 lbs"
"B08F7FBKZ3" ,"Z-OFFROAD 4pcs 60W Rectangular 4x6 Led Headlights Dot Approved H4656 H4651 H4652 H4666 H6545 Headlight Replacement for Freightliner Peterbilt Kenworth Oldsmobile Cutlass Trucks - Chrome" ,"Z-OFFROAD" ,"Automotive" ,"$47,876.58" ,"342" ,"$139.99" ,"$26.92" ,"$113.07" ,"8,480" ,"325" ,"7" ,"1" ,"10/22/2019" ,"z-offroad" ,"4.7" ,"7.40" x 7.80" x 10.90"" ,"Standard (Large)" ,"6.9005 lbs"
"B07XMF4SYG" ,"Start-X Remote Start Starter for Ford F-150 2015-2020  Edge 16-19  Expedition 18-19  || Plugs in to OBD2 Port || No Installation Required || Will Not Work with Any Non Listed Vehicles" ,"Start-X" ,"Automotive" ,"$47,056.38" ,"362" ,"$129.99" ,"$23.22" ,"$106.77" ,"9,205" ,"611" ,"5" ,"1" ,"09/05/2019" ,"Remote Starter" ,"4.6" ,"2.40" x 4.17" x 8.11"" ,"Standard (Large)" ,"0.3241 lbs"
"B07VD3P86S" ,"2020 Fox Racing 180 Prix Pants-White/Black-30" ,"Fox Racing" ,"Automotive" ,"$46,780.50" ,"390" ,"$119.95" ,"$19.10" ,"$100.85" ,"7,506" ,"63" ,"3" ,"3" ,"07/15/2019" ,"Broward Motorsports FTL" ,"4.5" ,"3.00" x 9.00" x 15.00"" ,"Standard (Large)" ,"1.3007 lbs"
"B084NY24YS" ,"Weize Power Tongue Jack  3500 Lb. Heavy Duty Electric Trailer Jack with Drop Leg  23-5/8" Lift  12V DC" ,"WEIZE" ,"Automotive" ,"$44,516.82" ,"318" ,"$139.99" ,"$33.78" ,"$106.21" ,"6,907" ,"590" ,"6" ,"3" ,"02/10/2020" ,"Powermall" ,"4.6" ,"7.00" x 9.60" x 32.25"" ,"Oversize (Small)" ,"23.951 lbs"
"B07KGJVXFK" ,"A.A 42 Gallon RV Fresh/Gray Water Tank 39" x 18" x 14" - BPA Free (42 Gallon)" ,"A.A" ,"Automotive" ,"$43,325.97" ,"303" ,"$142.99" ,"$31.33" ,"$111.66" ,"9,721" ,"144" ,"3" ,"2" ,"11/12/2018" ,"Quality Parts Now" ,"4.5" ,"15.00" x 18.00" x 43.00"" ,"Oversize (Small)" ,"16.5501 lbs"
"B08N6HXT3Z" ,"Scanner / Car Code Reader with Live Data" ,"INNOVA" ,"Automotive" ,"$41,978.00" ,"302" ,"$139.00" ,"$24.77" ,"$114.23" ,"33,241" ,"2455" ,"5" ,"3" ,"01/17/2017" ,"primera" ,"4.4" ,"9.69" x 7.64" x 1.50"" ,"Standard (Large)" ,"1.55 lbs"
"B01N1FA01W" ,"NRG Innovations SRK-250CF Quick Release Kit (Black/CF Ring)" ,"NRG Innovations" ,"Automotive" ,"$40,687.92" ,"324" ,"$125.32" ,"$23.33" ,"$101.99" ,"6,855" ,"422.5" ,"3" ,"6" ,"07/02/2012" ,"Next Level Motoring" ,"4.8" ,"5.00" x 4.50" x 4.50"" ,"Standard (Large)" ,"2 lbs"
"B08BYQMLDV" ,"KUST Custom Fit Floor Mats for Land Rover Range Rover Sport 2014-2021 All Weather Floor Liner for 2020 Range Rover Sport 1st & 2nd Row (Not for Range/Land Rover Discovery Sport)" ,"KUST" ,"Automotive" ,"$38,964.00" ,"300" ,"$129.88" ,"$27.42" ,"$102.46" ,"6,878" ,"123" ,"7" ,"1" ,"08/10/2020" ,"KUST JAPAN" ,"4.4" ,"5.75" x 24.30" x 34.50"" ,"Oversize (Small)" ,"10.3992 lbs"
"B00ID1KY4A" ,"Bell Custom 500 Open-Face Motorcycle Helmet (Rally Gloss Black/Bronze  XX-Large)" ,"BELL" ,"Automotive" ,"$37,785.00" ,"300" ,"$125.95" ,"$23.99" ,"$101.96" ,"11,323" ,"294" ,"3" ,"1" ,"05/31/2019" ,"Black Hills Moto" ,"4.2" ,"11.60" x 12.20" x 12.40"" ,"Oversize (Small)" ,"3.9507 lbs"
